department,avg_salary,total_employee,attrition_rate
Admin Offices,71791.88888888889,9,0.2222222222222222
Executive Office,250000.0,1,0.0
IT/IS,97064.64,50,0.2
Production       ,59953.545454545456,209,0.39712918660287083
Sales,69061.25806451614,31,0.16129032258064516
Software Engineering,94989.45454545454,11,0.36363636363636365
